group,n,pearson_total,pearson_repro
all,34,0.8818244314326676,0.920824575879422
nat_protocols,14,0.8163995809910324,0.8076826804972634
nat_siblings,20,0.8688897569395457,0.9485949104412865
