{
  "units": 288,
  "by_group_default_deficit": {
    "nat_protocols": {
      "n": 133,
      "deficit_sum": {
        "S_structural": 133.0,
        "S_vocab": 7.1579999999999995,
        "S_param": 0.42200000000000004,
        "S_ident": 111.96499999999999,
        "S_exec_env": 91.0,
        "S_ambiguity": 0.0
      },
      "deficit_share": {
        "S_structural": 0.3871399671076569,
        "S_vocab": 0.020835698380124872,
        "S_param": 0.0012283689181912124,
        "S_ident": 0.32591072494141954,
        "S_exec_env": 0.2648852406526074,
        "S_ambiguity": 0.0
      }
    },
    "nat_siblings": {
      "n": 155,
      "deficit_sum": {
        "S_structural": 155.0,
        "S_vocab": 1.333,
        "S_param": 2.75,
        "S_ident": 95.44600000000001,
        "S_exec_env": 86.0,
        "S_ambiguity": 0.0
      },
      "deficit_share": {
        "S_structural": 0.45517415550511114,
        "S_vocab": 0.003914497737343956,
        "S_param": 0.008075670500897133,
        "S_ident": 0.2802874351376829,
        "S_exec_env": 0.2525482411189649,
        "S_ambiguity": 0.0
      }
    }
  },
  "by_group_top_default_issues": {
    "nat_protocols": [
      [
        "SCHEMA_INVALID",
        183
      ],
      [
        "MISSING_REQUIRED_PROGRAM_KEY",
        168
      ],
      [
        "UNIT_PARSE_ERROR",
        78
      ],
      [
        "UNKNOWN_OBSERVATION_FEATURE",
        59
      ],
      [
        "STEP_ID_NOT_FOUND",
        2
      ]
    ],
    "nat_siblings": [
      [
        "SCHEMA_INVALID",
        162
      ],
      [
        "MISSING_REQUIRED_PROGRAM_KEY",
        38
      ],
      [
        "UNIT_PARSE_ERROR",
        33
      ],
      [
        "STEP_ID_NOT_FOUND",
        4
      ],
      [
        "UNKNOWN_OBSERVATION_FEATURE",
        3
      ]
    ]
  },
  "by_group_repro_category_means": {
    "nat_protocols": {
      "container_ident": 0.029045112781954888,
      "device_ident": 0.01836842105263158,
      "flow_integrity": 0.9868421052631579,
      "param_completeness": 0.5830902255639098,
      "qc_completeness": 0.12537593984962406,
      "reagent_ident": 0.08517293233082707,
      "safety_disposal": 0.0,
      "sample_ident": 0.2026390977443609,
      "traceability": 0.667
    },
    "nat_siblings": {
      "container_ident": 0.0032258064516129032,
      "device_ident": 0.0032258064516129032,
      "flow_integrity": 0.9948387096774193,
      "param_completeness": 0.22315483870967742,
      "qc_completeness": 0.021516129032258063,
      "reagent_ident": 0.0733741935483871,
      "safety_disposal": 0.0,
      "sample_ident": 0.07949677419354839,
      "traceability": 0.667
    }
  },
  "by_group_missing_field_prevalence": {
    "nat_protocols": [
      {
        "field": "biosafety_level",
        "count": 133,
        "rate": 1.0
      },
      {
        "field": "contamination_control",
        "count": 133,
        "rate": 1.0
      },
      {
        "field": "protocol_id",
        "count": 133,
        "rate": 1.0
      },
      {
        "field": "sterility_required",
        "count": 133,
        "rate": 1.0
      },
      {
        "field": "sample_id",
        "count": 80,
        "rate": 0.6015037593984962
      },
      {
        "field": "source",
        "count": 79,
        "rate": 0.5939849624060151
      },
      {
        "field": "vendor",
        "count": 53,
        "rate": 0.39849624060150374
      },
      {
        "field": "run_device.device_ref",
        "count": 52,
        "rate": 0.39097744360902253
      },
      {
        "field": "catalog_number",
        "count": 50,
        "rate": 0.37593984962406013
      },
      {
        "field": "max_volume",
        "count": 41,
        "rate": 0.3082706766917293
      },
      {
        "field": "lot_number",
        "count": 41,
        "rate": 0.3082706766917293
      },
      {
        "field": "concentration",
        "count": 38,
        "rate": 0.2857142857142857
      },
      {
        "field": "name",
        "count": 30,
        "rate": 0.22556390977443608
      },
      {
        "field": "observe.acceptance_criteria",
        "count": 25,
        "rate": 0.18796992481203006
      },
      {
        "field": "calibration_date",
        "count": 24,
        "rate": 0.18045112781954886
      },
      {
        "field": "model",
        "count": 24,
        "rate": 0.18045112781954886
      },
      {
        "field": "run_device.program",
        "count": 1,
        "rate": 0.007518796992481203
      }
    ],
    "nat_siblings": [
      {
        "field": "biosafety_level",
        "count": 155,
        "rate": 1.0
      },
      {
        "field": "contamination_control",
        "count": 155,
        "rate": 1.0
      },
      {
        "field": "protocol_id",
        "count": 155,
        "rate": 1.0
      },
      {
        "field": "sterility_required",
        "count": 155,
        "rate": 1.0
      },
      {
        "field": "sample_id",
        "count": 36,
        "rate": 0.23225806451612904
      },
      {
        "field": "source",
        "count": 36,
        "rate": 0.23225806451612904
      },
      {
        "field": "lot_number",
        "count": 31,
        "rate": 0.2
      },
      {
        "field": "catalog_number",
        "count": 26,
        "rate": 0.16774193548387098
      },
      {
        "field": "concentration",
        "count": 26,
        "rate": 0.16774193548387098
      },
      {
        "field": "vendor",
        "count": 26,
        "rate": 0.16774193548387098
      },
      {
        "field": "run_device.device_ref",
        "count": 20,
        "rate": 0.12903225806451613
      },
      {
        "field": "name",
        "count": 13,
        "rate": 0.08387096774193549
      },
      {
        "field": "max_volume",
        "count": 11,
        "rate": 0.07096774193548387
      },
      {
        "field": "calibration_date",
        "count": 6,
        "rate": 0.03870967741935484
      },
      {
        "field": "model",
        "count": 6,
        "rate": 0.03870967741935484
      },
      {
        "field": "observe.acceptance_criteria",
        "count": 5,
        "rate": 0.03225806451612903
      }
    ]
  },
  "by_group_repro_deductions": {
    "nat_protocols": [
      {
        "category": "traceability",
        "events": 133,
        "avg_missing_checks_per_event": 1.0,
        "avg_coverage_per_event": 0.6666666666666667
      },
      {
        "category": "safety_disposal",
        "events": 133,
        "avg_missing_checks_per_event": 3.0,
        "avg_coverage_per_event": 0.0
      },
      {
        "category": "sample_ident",
        "events": 80,
        "avg_missing_checks_per_event": 11.7875,
        "avg_coverage_per_event": 0.33403954802259883
      },
      {
        "category": "param_completeness",
        "events": 52,
        "avg_missing_checks_per_event": 3.2115384615384617,
        "avg_coverage_per_event": 0.8234672304439746
      },
      {
        "category": "container_ident",
        "events": 41,
        "avg_missing_checks_per_event": 11.439024390243903,
        "avg_coverage_per_event": 0.15647482014388492
      },
      {
        "category": "reagent_ident",
        "events": 41,
        "avg_missing_checks_per_event": 34.58536585365854,
        "avg_coverage_per_event": 0.3099756690997567
      },
      {
        "category": "flow_integrity",
        "events": 26,
        "avg_missing_checks_per_event": 0.0,
        "avg_coverage_per_event": null
      },
      {
        "category": "qc_completeness",
        "events": 25,
        "avg_missing_checks_per_event": 1.52,
        "avg_coverage_per_event": 0.6666666666666667
      },
      {
        "category": "device_ident",
        "events": 24,
        "avg_missing_checks_per_event": 15.916666666666666,
        "avg_coverage_per_event": 0.16228070175438591
      }
    ],
    "nat_siblings": [
      {
        "category": "traceability",
        "events": 155,