{
  "units": 276,
  "by_group_default_deficit": {
    "nat_protocols": {
      "n": 90,
      "deficit_sum": {
        "S_structural": 75.15,
        "S_vocab": 3.9830000000000005,
        "S_param": 0.5,
        "S_ident": 88.4,
        "S_exec_env": 55.0,
        "S_ambiguity": 0.0
      },
      "deficit_share": {
        "S_structural": 0.3369456537821757,
        "S_vocab": 0.017858343832527025,
        "S_param": 0.002241820717113611,
        "S_ident": 0.39635390278568644,
        "S_exec_env": 0.2466002788824972,
        "S_ambiguity": 0.0
      }
    },
    "nat_siblings": {
      "n": 186,
      "deficit_sum": {
        "S_structural": 68.1,
        "S_vocab": 3.3340000000000005,
        "S_param": 2.5,
        "S_ident": 136.604,
        "S_exec_env": 104.5,
        "S_ambiguity": 0.5
      },
      "deficit_share": {
        "S_structural": 0.2158218661460743,
        "S_vocab": 0.010566080789001642,
        "S_param": 0.007922975996551921,
        "S_ident": 0.4329240852131915,
        "S_exec_env": 0.3311803966558703,
        "S_ambiguity": 0.001584595199310384
      }
    }
  },
  "by_group_top_default_issues": {
    "nat_protocols": [
      [
        "SCHEMA_INVALID",
        168
      ],
      [
        "MISSING_REQUIRED_PROGRAM_KEY",
        45
      ],
      [
        "UNKNOWN_OBSERVATION_FEATURE",
        17
      ],
      [
        "UNIT_PARSE_ERROR",
        5
      ]
    ],
    "nat_siblings": [
      [
        "SCHEMA_INVALID",
        125
      ],
      [
        "MISSING_REQUIRED_PROGRAM_KEY",
        35
      ],
      [
        "UNIT_PARSE_ERROR",
        11
      ],
      [
        "UNKNOWN_OBSERVATION_FEATURE",
        10
      ]
    ]
  },
  "by_group_repro_category_means": {
    "nat_protocols": {
      "container_ident": 0.14444444444444443,
      "device_ident": 0.1111111111111111,
      "flow_integrity": 0.981111111111111,
      "param_completeness": 0.7402444444444445,
      "qc_completeness": 0.0667,
      "reagent_ident": 0.1677777777777778,
      "safety_disposal": 0.0,
      "sample_ident": 0.1813,
      "traceability": 0.667
    },
    "nat_siblings": {
      "container_ident": 0.04771505376344086,
      "device_ident": 0.04032258064516129,
      "flow_integrity": 0.9943548387096773,
      "param_completeness": 0.25676881720430106,
      "qc_completeness": 0.03586021505376344,
      "reagent_ident": 0.08069354838709678,
      "safety_disposal": 0.0,
      "sample_ident": 0.08026881720430108,
      "traceability": 0.667
    }
  },
  "by_group_missing_field_prevalence": {
    "nat_protocols": [
      {
        "field": "biosafety_level",
        "count": 90,
        "rate": 1.0
      },
      {
        "field": "contamination_control",
        "count": 90,
        "rate": 1.0
      },
      {
        "field": "protocol_id",
        "count": 90,
        "rate": 1.0
      },
      {
        "field": "sterility_required",
        "count": 90,
        "rate": 1.0
      },
      {
        "field": "vendor",
        "count": 87,
        "rate": 0.9666666666666667
      },
      {
        "field": "catalog_number",
        "count": 86,
        "rate": 0.9555555555555556
      },
      {
        "field": "sample_id",
        "count": 83,
        "rate": 0.9222222222222223
      },
      {
        "field": "source",
        "count": 83,
        "rate": 0.9222222222222223
      },
      {
        "field": "concentration",
        "count": 79,
        "rate": 0.8777777777777778
      },
      {
        "field": "lot_number",
        "count": 79,
        "rate": 0.8777777777777778
      },
      {
        "field": "max_volume",
        "count": 71,
        "rate": 0.7888888888888889
      },
      {
        "field": "calibration_date",
        "count": 53,
        "rate": 0.5888888888888889
      },
      {
        "field": "model",
        "count": 52,
        "rate": 0.5777777777777777
      },
      {
        "field": "name",
        "count": 37,
        "rate": 0.4111111111111111
      },
      {
        "field": "run_device.device_ref",
        "count": 28,
        "rate": 0.3111111111111111
      },
      {
        "field": "observe.acceptance_criteria",
        "count": 9,
        "rate": 0.1
      },
      {
        "field": "run_device.program",
        "count": 1,
        "rate": 0.011111111111111112
      }
    ],
    "nat_siblings": [
      {
        "field": "biosafety_level",
        "count": 186,
        "rate": 1.0
      },
      {
        "field": "contamination_control",
        "count": 186,
        "rate": 1.0
      },
      {
        "field": "protocol_id",
        "count": 186,
        "rate": 1.0
      },
      {
        "field": "sterility_required",
        "count": 186,
        "rate": 1.0
      },
      {
        "field": "sample_id",
        "count": 86,
        "rate": 0.46236559139784944
      },
      {
        "field": "source",
        "count": 86,
        "rate": 0.46236559139784944
      },
      {
        "field": "vendor",
        "count": 67,
        "rate": 0.3602150537634409
      },
      {
        "field": "catalog_number",
        "count": 60,
        "rate": 0.3225806451612903
      },
      {
        "field": "lot_number",
        "count": 60,
        "rate": 0.3225806451612903
      },
      {
        "field": "concentration",
        "count": 59,
        "rate": 0.3172043010752688
      },
      {
        "field": "name",
        "count": 42,
        "rate": 0.22580645161290322
      },
      {
        "field": "max_volume",
        "count": 41,
        "rate": 0.22043010752688172
      },
      {
        "field": "calibration_date",
        "count": 36,
        "rate": 0.1935483870967742
      },
      {
        "field": "model",
        "count": 36,
        "rate": 0.1935483870967742
      },
      {
        "field": "run_device.device_ref",
        "count": 25,
        "rate": 0.13440860215053763
      },
      {
        "field": "observe.acceptance_criteria",
        "count": 10,
        "rate": 0.053763440860215055
      },
      {
        "field": "run_device.program",
        "count": 3,
        "rate": 0.016129032258064516
      }
    ]
  },
  "by_group_repro_deductions": {
    "nat_protocols": [
      {
        "category": "traceability",
        "events": 90,
        "avg_missing_checks_per_event": 1.0,
        "avg_coverage_per_event": 0.6666666666666667
      },
      {
        "category": "safety_disposal",
        "events": 90,
        "avg_missing_checks_per_event": 3.0,
        "avg_coverage_per_event": 0.0
      },
      {
        "category": "sample_ident",
        "events": 83,
        "avg_missing_checks_per_event": 5.626506024096385,
        "avg_coverage_per_event": 0.1763668430335097
      },
      {
        "category": "reagent_ident",
        "events": 79,
        "avg_missing_checks_per_event": 11.291139240506329,
        "avg_coverage_per_event": 0.18165137614678895
      },
      {
        "category": "container_ident",
        "events": 71,
        "avg_missing_checks_per_event": 5.873239436619718,
        "avg_coverage_per_event": 0.17913385826771655
      },
      {
        "category": "device_ident",
        "events": 53,
        "avg_missing_checks_per_event": 5.283018867924528,
        "avg_coverage_per_event": 0.1954022988505747
      },
      {
        "category": "param_completeness",
        "events": 29,
        "avg_missing_checks_per_event": 1.206896551724138,
        "avg_coverage_per_event": 0.84375
      },
      {
        "category": "flow_integrity",
        "events": 16,
        "avg_missing_checks_per_event": 0.0,
        "avg_coverage_per_event": null
      },
      {
        "category": "qc_completeness",
        "events": 9,
        "avg_missing_checks_per_event": 1.4444444444444444,
        "avg_coverage_per_event": 0.6666666666666667
      }
    ],
    "nat_siblings": [
      {
        "category": "traceability",
        "events": 186,
        "avg_missing_checks_per_event": 1.0,