{
  "units": 322,
  "by_group_default_deficit": {
    "nat_protocols": {
      "n": 140,
      "deficit_sum": {
        "S_structural": 140.0,
        "S_vocab": 5.333,
        "S_param": 0.5,
        "S_ident": 134.5,
        "S_exec_env": 93.5,
        "S_ambiguity": 0.0
      },
      "deficit_share": {
        "S_structural": 0.3744987735165167,
        "S_vocab": 0.014265728279739884,
        "S_param": 0.0013374956197018454,
        "S_ident": 0.3597863216997964,
        "S_exec_env": 0.25011168088424507,
        "S_ambiguity": 0.0
      }
    },
    "nat_siblings": {
      "n": 182,
      "deficit_sum": {
        "S_structural": 182.0,
        "S_vocab": 9.366,
        "S_param": 2.833,
        "S_ident": 134.51700000000002,
        "S_exec_env": 99.5,
        "S_ambiguity": 0.5
      },
      "deficit_share": {
        "S_structural": 0.4245234607525728,
        "S_vocab": 0.021846630403343937,
        "S_param": 0.006608104199516697,
        "S_ident": 0.3137671558794167,
        "S_exec_env": 0.23208837552132414,
        "S_ambiguity": 0.0011662732438257495
      }
    }
  },
  "by_group_top_default_issues": {
    "nat_protocols": [
      [
        "SCHEMA_INVALID",
        447
      ],
      [
        "MISSING_REQUIRED_PROGRAM_KEY",
        110
      ],
      [
        "UNKNOWN_OBSERVATION_FEATURE",
        25
      ],
      [
        "UNIT_PARSE_ERROR",
        24
      ]
    ],
    "nat_siblings": [
      [
        "SCHEMA_INVALID",
        322
      ],
      [
        "MISSING_REQUIRED_PROGRAM_KEY",
        38
      ],
      [
        "UNKNOWN_OBSERVATION_FEATURE",
        35
      ],
      [
        "UNIT_PARSE_ERROR",
        11
      ]
    ]
  },
  "by_group_repro_category_means": {
    "nat_protocols": {
      "container_ident": 0.13660714285714284,
      "device_ident": 0.11607142857142858,
      "flow_integrity": 0.9803571428571428,
      "param_completeness": 0.7291642857142857,
      "qc_completeness": 0.08575714285714287,
      "reagent_ident": 0.1616357142857143,
      "safety_disposal": 0.0,
      "sample_ident": 0.19264285714285717,
      "traceability": 0.667
    },
    "nat_siblings": {
      "container_ident": 0.038461538461538464,
      "device_ident": 0.04395604395604396,
      "flow_integrity": 0.9931318681318682,
      "param_completeness": 0.2996923076923077,
      "qc_completeness": 0.06963186813186813,
      "reagent_ident": 0.09130219780219781,
      "safety_disposal": 0.0,
      "sample_ident": 0.09148351648351649,
      "traceability": 0.667
    }
  },
  "by_group_missing_field_prevalence": {
    "nat_protocols": [
      {
        "field": "biosafety_level",
        "count": 140,
        "rate": 1.0
      },
      {
        "field": "contamination_control",
        "count": 140,
        "rate": 1.0
      },
      {
        "field": "protocol_id",
        "count": 140,
        "rate": 1.0
      },
      {
        "field": "sterility_required",
        "count": 140,
        "rate": 1.0
      },
      {
        "field": "vendor",
        "count": 126,
        "rate": 0.9
      },
      {
        "field": "catalog_number",
        "count": 121,
        "rate": 0.8642857142857143
      },
      {
        "field": "sample_id",
        "count": 117,
        "rate": 0.8357142857142857
      },
      {
        "field": "source",
        "count": 117,
        "rate": 0.8357142857142857
      },
      {
        "field": "concentration",
        "count": 113,
        "rate": 0.8071428571428572
      },
      {
        "field": "lot_number",
        "count": 113,
        "rate": 0.8071428571428572
      },
      {
        "field": "max_volume",
        "count": 103,
        "rate": 0.7357142857142858
      },
      {
        "field": "calibration_date",
        "count": 83,
        "rate": 0.5928571428571429
      },
      {
        "field": "model",
        "count": 83,
        "rate": 0.5928571428571429
      },
      {
        "field": "run_device.device_ref",
        "count": 54,
        "rate": 0.38571428571428573
      },
      {
        "field": "name",
        "count": 48,
        "rate": 0.34285714285714286
      },
      {
        "field": "observe.acceptance_criteria",
        "count": 18,
        "rate": 0.12857142857142856
      },
      {
        "field": "run_device.program",
        "count": 1,
        "rate": 0.007142857142857143
      }
    ],
    "nat_siblings": [
      {
        "field": "biosafety_level",
        "count": 182,
        "rate": 1.0
      },
      {
        "field": "contamination_control",
        "count": 182,
        "rate": 1.0
      },
      {
        "field": "protocol_id",
        "count": 182,
        "rate": 1.0
      },
      {
        "field": "sterility_required",
        "count": 182,
        "rate": 1.0
      },
      {
        "field": "sample_id",
        "count": 85,
        "rate": 0.46703296703296704
      },
      {
        "field": "source",
        "count": 85,
        "rate": 0.46703296703296704
      },
      {
        "field": "vendor",
        "count": 71,
        "rate": 0.3901098901098901
      },
      {
        "field": "lot_number",
        "count": 64,
        "rate": 0.3516483516483517
      },
      {
        "field": "catalog_number",
        "count": 62,
        "rate": 0.34065934065934067
      },
      {
        "field": "concentration",
        "count": 62,
        "rate": 0.34065934065934067
      },
      {
        "field": "calibration_date",
        "count": 43,
        "rate": 0.23626373626373626
      },
      {
        "field": "model",
        "count": 43,
        "rate": 0.23626373626373626
      },
      {
        "field": "name",
        "count": 38,
        "rate": 0.2087912087912088
      },
      {
        "field": "max_volume",
        "count": 35,
        "rate": 0.19230769230769232
      },
      {
        "field": "run_device.device_ref",
        "count": 26,
        "rate": 0.14285714285714285
      },
      {
        "field": "observe.acceptance_criteria",
        "count": 19,
        "rate": 0.1043956043956044
      },
      {
        "field": "run_device.program",
        "count": 3,
        "rate": 0.016483516483516484
      },
      {
        "field": "transfer.amount",
        "count": 2,
        "rate": 0.01098901098901099
      }
    ]
  },
  "by_group_repro_deductions": {
    "nat_protocols": [
      {
        "category": "traceability",
        "events": 140,
        "avg_missing_checks_per_event": 1.0,
        "avg_coverage_per_event": 0.6666666666666667
      },
      {
        "category": "safety_disposal",
        "events": 140,
        "avg_missing_checks_per_event": 3.0,
        "avg_coverage_per_event": 0.0
      },
      {
        "category": "sample_ident",
        "events": 117,
        "avg_missing_checks_per_event": 5.897435897435898,
        "avg_coverage_per_event": 0.23076923076923073
      },
      {
        "category": "reagent_ident",
        "events": 113,
        "avg_missing_checks_per_event": 12.584070796460177,
        "avg_coverage_per_event": 0.20112359550561798
      },
      {
        "category": "container_ident",
        "events": 103,
        "avg_missing_checks_per_event": 6.475728155339806,
        "avg_coverage_per_event": 0.17039800995024879
      },
      {
        "category": "device_ident",
        "events": 83,
        "avg_missing_checks_per_event": 5.759036144578313,
        "avg_coverage_per_event": 0.20333333333333337
      },
      {
        "category": "param_completeness",
        "events": 54,
        "avg_missing_checks_per_event": 1.8888888888888888,
        "avg_coverage_per_event": 0.7935222672064777
      },
      {
        "category": "flow_integrity",
        "events": 28,
        "avg_missing_checks_per_event": 0.0,
        "avg_coverage_per_event": null
      },
      {
        "category": "qc_completeness",
        "events": 18,
        "avg_missing_checks_per_event": 1.4444444444444444,
        "avg_coverage_per_event": 0.6666666666666667
      }
    ],