group,n,pearson_total,pearson_repro
all,34,0.4674612061583294,0.3549723833671064
nat_protocols,14,0.41961276478925985,0.0006156271959347403
nat_siblings,20,0.40018497033332817,0.31253057104152787
