{
  "units": 293,
  "by_group_default_deficit": {
    "nat_protocols": {
      "n": 134,
      "deficit_sum": {
        "S_structural": 93.7,
        "S_vocab": 9.984999999999998,
        "S_param": 9.222000000000001,
        "S_ident": 101.85899999999998,
        "S_exec_env": 93.0,
        "S_ambiguity": 0.0
      },
      "deficit_share": {
        "S_structural": 0.3044520837259477,
        "S_vocab": 0.03244347978659111,
        "S_param": 0.029964323544511097,
        "S_ident": 0.33096248448496585,
        "S_exec_env": 0.30217762845798435,
        "S_ambiguity": 0.0
      }
    },
    "nat_siblings": {
      "n": 159,
      "deficit_sum": {
        "S_structural": 57.05,
        "S_vocab": 3.508,
        "S_param": 14.406999999999998,
        "S_ident": 99.876,
        "S_exec_env": 92.053,
        "S_ambiguity": 0.0
      },
      "deficit_share": {
        "S_structural": 0.21375527362923105,
        "S_vocab": 0.013143794914835102,
        "S_param": 0.053980231852345864,
        "S_ident": 0.374215980876303,
        "S_exec_env": 0.34490471872728495,
        "S_ambiguity": 0.0
      }
    }
  },
  "by_group_top_default_issues": {
    "nat_protocols": [
      [
        "SCHEMA_INVALID",
        413
      ],
      [
        "MISSING_REQUIRED_PROGRAM_KEY",
        240
      ],
      [
        "UNIT_PARSE_ERROR",
        89
      ],
      [
        "UNKNOWN_OBSERVATION_FEATURE",
        89
      ],
      [
        "UNKNOWN_CORE_OP",
        5
      ]
    ],
    "nat_siblings": [
      [
        "SCHEMA_INVALID",
        132
      ],
      [
        "MISSING_REQUIRED_PROGRAM_KEY",
        75
      ],
      [
        "UNIT_PARSE_ERROR",
        65
      ],
      [
        "UNKNOWN_OBSERVATION_FEATURE",
        12
      ],
      [
        "UNKNOWN_CORE_OP",
        4
      ]
    ]
  },
  "by_group_repro_category_means": {
    "nat_protocols": {
      "container_ident": 0.036880597014925375,
      "device_ident": 0.03666417910447761,
      "flow_integrity": 0.9970149253731343,
      "param_completeness": 0.6777835820895523,
      "qc_completeness": 0.16426119402985076,
      "reagent_ident": 0.1277313432835821,
      "safety_disposal": 0.0,
      "sample_ident": 0.06172388059701493,
      "traceability": 0.667
    },
    "nat_siblings": {
      "container_ident": 0.015723270440251572,
      "device_ident": 0.016773584905660378,
      "flow_integrity": 0.9996855345911949,
      "param_completeness": 0.3736729559748428,
      "qc_completeness": 0.05033962264150944,
      "reagent_ident": 0.1008553459119497,
      "safety_disposal": 0.0,
      "sample_ident": 0.04817610062893082,
      "traceability": 0.667
    }
  },
  "by_group_missing_field_prevalence": {
    "nat_protocols": [
      {
        "field": "biosafety_level",
        "count": 134,
        "rate": 1.0
      },
      {
        "field": "contamination_control",
        "count": 134,
        "rate": 1.0
      },
      {
        "field": "protocol_id",
        "count": 134,
        "rate": 1.0
      },
      {
        "field": "sterility_required",
        "count": 134,
        "rate": 1.0
      },
      {
        "field": "vendor",
        "count": 72,
        "rate": 0.5373134328358209
      },
      {
        "field": "catalog_number",
        "count": 70,
        "rate": 0.5223880597014925
      },
      {
        "field": "lot_number",
        "count": 65,
        "rate": 0.48507462686567165
      },
      {
        "field": "concentration",
        "count": 61,
        "rate": 0.4552238805970149
      },
      {
        "field": "run_device.device_ref",
        "count": 61,
        "rate": 0.4552238805970149
      },
      {
        "field": "max_volume",
        "count": 59,
        "rate": 0.44029850746268656
      },
      {
        "field": "name",
        "count": 50,
        "rate": 0.373134328358209
      },
      {
        "field": "calibration_date",
        "count": 42,
        "rate": 0.31343283582089554
      },
      {
        "field": "model",
        "count": 42,
        "rate": 0.31343283582089554
      },
      {
        "field": "observe.acceptance_criteria",
        "count": 33,
        "rate": 0.2462686567164179
      },
      {
        "field": "sample_id",
        "count": 27,
        "rate": 0.20149253731343283
      },
      {
        "field": "source",
        "count": 25,
        "rate": 0.1865671641791045
      },
      {
        "field": "run_device.program",
        "count": 6,
        "rate": 0.04477611940298507
      },
      {
        "field": "transfer.amount",
        "count": 3,
        "rate": 0.022388059701492536
      }
    ],
    "nat_siblings": [
      {
        "field": "biosafety_level",
        "count": 159,
        "rate": 1.0
      },
      {
        "field": "contamination_control",
        "count": 159,
        "rate": 1.0
      },
      {
        "field": "protocol_id",
        "count": 159,
        "rate": 1.0
      },
      {
        "field": "sterility_required",
        "count": 159,
        "rate": 1.0
      },
      {
        "field": "lot_number",
        "count": 41,
        "rate": 0.2578616352201258
      },
      {
        "field": "vendor",
        "count": 39,
        "rate": 0.24528301886792453
      },
      {
        "field": "catalog_number",
        "count": 38,
        "rate": 0.2389937106918239
      },
      {
        "field": "run_device.device_ref",
        "count": 34,
        "rate": 0.2138364779874214
      },
      {
        "field": "concentration",
        "count": 29,
        "rate": 0.18238993710691823
      },
      {
        "field": "sample_id",
        "count": 25,
        "rate": 0.15723270440251572
      },
      {
        "field": "source",
        "count": 23,
        "rate": 0.14465408805031446
      },
      {
        "field": "max_volume",
        "count": 19,
        "rate": 0.11949685534591195
      },
      {
        "field": "name",
        "count": 19,
        "rate": 0.11949685534591195
      },
      {
        "field": "calibration_date",
        "count": 17,
        "rate": 0.1069182389937107
      },
      {
        "field": "model",
        "count": 17,
        "rate": 0.1069182389937107
      },
      {
        "field": "observe.acceptance_criteria",
        "count": 12,
        "rate": 0.07547169811320754
      },
      {
        "field": "run_device.program",
        "count": 3,
        "rate": 0.018867924528301886
      }
    ]
  },
  "by_group_repro_deductions": {
    "nat_protocols": [
      {
        "category": "traceability",
        "events": 134,
        "avg_missing_checks_per_event": 1.0,
        "avg_coverage_per_event": 0.6666666666666667
      },
      {
        "category": "safety_disposal",
        "events": 134,
        "avg_missing_checks_per_event": 3.0,
        "avg_coverage_per_event": 0.0
      },
      {
        "category": "reagent_ident",
        "events": 65,
        "avg_missing_checks_per_event": 26.892307692307693,
        "avg_coverage_per_event": 0.3090909090909091
      },
      {
        "category": "param_completeness",
        "events": 62,
        "avg_missing_checks_per_event": 3.8548387096774195,
        "avg_coverage_per_event": 0.8113654301499605
      },
      {
        "category": "container_ident",
        "events": 59,
        "avg_missing_checks_per_event": 10.305084745762711,
        "avg_coverage_per_event": 0.16022099447513816
      },
      {
        "category": "device_ident",
        "events": 42,
        "avg_missing_checks_per_event": 14.023809523809524,
        "avg_coverage_per_event": 0.15857142857142859
      },
      {
        "category": "qc_completeness",
        "events": 33,
        "avg_missing_checks_per_event": 1.7272727272727273,
        "avg_coverage_per_event": 0.6666666666666667
      },
      {
        "category": "sample_ident",
        "events": 27,
        "avg_missing_checks_per_event": 9.11111111111111,