group,n,pearson_total,pearson_repro
all,34,0.5957344038742228,0.7485362999645048
nat_protocols,14,-0.030887189560538073,-0.019256198598884593
nat_siblings,20,0.6094806081950721,0.8572491202583526
