{
  "no_rulepack": {
    "nat_protocols": {
      "n": 78,
      "default_mean": 56.794871794871796,
      "repro_mean": 25.371794871794872,
      "deficit_share": {
        "S_structural": 0.3023953875416072,
        "S_vocab": 0.01692027262640672,
        "S_param": 0.031809716278332546,
        "S_ident": 0.3764463464891425,
        "S_exec_env": 0.272428277064511,
        "S_ambiguity": 0.0
      },
      "top_issue": [
        [
          "SCHEMA_INVALID",
          154
        ],
        [
          "MISSING_REQUIRED_PROGRAM_KEY",
          21
        ],
        [
          "UNKNOWN_ACTION_KIND",
          7
        ],
        [
          "UNIT_PARSE_ERROR",
          4
        ],
        [
          "UNKNOWN_DEVICE_KIND",
          1
        ]
      ],
      "top_missing": [
        [
          "biosafety_level",
          78,
          1.0
        ],
        [
          "contamination_control",
          78,
          1.0
        ],
        [
          "protocol_id",
          78,
          1.0
        ],
        [
          "sterility_required",
          78,
          1.0
        ],
        [
          "catalog_number",
          72,
          0.9230769230769231
        ],
        [
          "vendor",
          72,
          0.9230769230769231
        ],
        [
          "lot_number",
          71,
          0.9102564102564102
        ],
        [
          "concentration",
          70,
          0.8974358974358975
        ],
        [
          "sample_id",
          69,
          0.8846153846153846
        ],
        [
          "source",
          69,
          0.8846153846153846
        ]
      ],
      "cat_mean": {
        "container_ident": 0.13355128205128206,
        "device_ident": 0.12179487179487179,
        "flow_integrity": 0.9878205128205128,
        "param_completeness": 0.7092051282051282,
        "qc_completeness": 0.0,
        "reagent_ident": 0.18461538461538463,
        "safety_disposal": 0.0,
        "sample_ident": 0.20432051282051283,
        "traceability": 0.667
      },
      "top_deduction_category": [
        [
          "traceability",
          78
        ],
        [
          "safety_disposal",
          78
        ],
        [
          "reagent_ident",
          71
        ],
        [
          "sample_ident",
          69
        ],
        [
          "container_ident",
          59
        ],
        [
          "device_ident",
          48
        ],
        [
          "param_completeness",
          43
        ],
        [
          "flow_integrity",
          15
        ]
      ]
    },
    "nat_siblings": {
      "n": 183,
      "default_mean": 66.04918032786885,
      "repro_mean": 17.661202185792348,
      "deficit_share": {
        "S_structural": 0.2424840697514908,
        "S_vocab": 0.010624648646903923,
        "S_param": 0.050834236652617014,
        "S_ident": 0.3970417750425658,
        "S_exec_env": 0.29901526990642235,
        "S_ambiguity": 0.0
      },
      "top_issue": [
        [
          "SCHEMA_INVALID",
          184
        ],
        [
          "MISSING_REQUIRED_PROGRAM_KEY",
          26
        ],
        [
          "UNIT_PARSE_ERROR",
          9
        ],
        [
          "UNKNOWN_ACTION_KIND",
          9
        ]
      ],
      "top_missing": [
        [
          "biosafety_level",
          183,
          1.0
        ],
        [
          "contamination_control",
          183,
          1.0
        ],
        [
          "protocol_id",
          183,
          1.0
        ],
        [
          "sterility_required",
          183,
          1.0
        ],
        [
          "sample_id",
          114,
          0.6229508196721312
        ],
        [
          "source",
          114,
          0.6229508196721312
        ],
        [
          "vendor",
          97,
          0.5300546448087432
        ],
        [
          "lot_number",
          91,
          0.4972677595628415
        ],
        [
          "catalog_number",
          90,
          0.4918032786885246
        ],
        [
          "concentration",
          90,
          0.4918032786885246
        ]
      ],
      "cat_mean": {
        "container_ident": 0.04918032786885246,
        "device_ident": 0.08014754098360656,
        "flow_integrity": 0.9942622950819672,
        "param_completeness": 0.3593661202185792,
        "qc_completeness": 0.007278688524590164,
        "reagent_ident": 0.11714754098360657,
        "safety_disposal": 0.0,
        "sample_ident": 0.13678142076502733,
        "traceability": 0.667
      },
      "top_deduction_category": [
        [
          "traceability",
          183
        ],
        [
          "safety_disposal",
          183
        ],
        [
          "sample_ident",
          114
        ],
        [
          "reagent_ident",
          91
        ],
        [
          "device_ident",
          71
        ],
        [
          "param_completeness",
          69
        ],
        [
          "container_ident",
          49
        ],
        [
          "flow_integrity",
          18
        ]
      ]
    }
  },
  "with_rulepack_full_llm": {
    "nat_protocols": {
      "n": 73,
      "default_mean": 60.47945205479452,
      "repro_mean": 24.575342465753426,
      "deficit_share": {
        "S_structural": 0.2895289442172306,
        "S_vocab": 0.01588504457183847,
        "S_param": 0.005784794090254358,
        "S_ident": 0.40204318927267785,
        "S_exec_env": 0.28675802784799875,
        "S_ambiguity": 0.0
      },
      "top_issue": [
        [
          "SCHEMA_INVALID",
          122
        ],
        [
          "MISSING_REQUIRED_PROGRAM_KEY",
          23
        ],
        [
          "UNKNOWN_ACTION_KIND",
          11
        ],
        [
          "UNIT_PARSE_ERROR",
          2
        ],
        [
          "UNKNOWN_DEVICE_KIND",
          1
        ]
      ],
      "top_missing": [
        [
          "biosafety_level",
          73,
          1.0
        ],
        [
          "contamination_control",
          73,
          1.0
        ],
        [
          "protocol_id",
          73,
          1.0
        ],
        [
          "sterility_required",
          73,
          1.0
        ],
        [
          "sample_id",
          63,
          0.863013698630137
        ],
        [
          "vendor",
          63,
          0.863013698630137
        ],
        [
          "catalog_number",
          62,
          0.8493150684931506
        ],
        [
          "source",
          62,
          0.8493150684931506
        ],
        [
          "concentration",
          60,
          0.821917808219178
        ],
        [
          "lot_number",
          60,
          0.821917808219178
        ]
      ],
      "cat_mean": {
        "container_ident": 0.09475342465753424,
        "device_ident": 0.10273972602739725,
        "flow_integrity": 0.9794520547945206,
        "param_completeness": 0.7551917808219177,
        "qc_completeness": 0.004561643835616439,
        "reagent_ident": 0.1643835616438356,
        "safety_disposal": 0.0,
        "sample_ident": 0.174,
        "traceability": 0.667
      },
      "top_deduction_category": [
        [
          "traceability",
          73
        ],
        [
          "safety_disposal",
          73
        ],
        [
          "sample_ident",
          63
        ],
        [
          "reagent_ident",
          60
        ],
        [
          "container_ident",
          52
        ],
        [
          "device_ident",
          44
        ],
        [
          "param_completeness",
          34
        ],
        [
          "flow_integrity",
          19
        ]
      ]
    },
    "nat_siblings": {
      "n": 182,
      "default_mean": 69.0934065934066,
      "repro_mean": 17.47252747252747,
      "deficit_share": {
        "S_structural": 0.24693855692677524,
        "S_vocab": 0.0035939973104523433,
        "S_param": 0.0005950326672934342,