{
  "units": 255,
  "by_group_default_deficit": {
    "nat_protocols": {
      "n": 73,
      "deficit_sum": {
        "S_structural": 50.05,
        "S_vocab": 2.7460000000000004,
        "S_param": 1.0,
        "S_ident": 69.5,
        "S_exec_env": 49.571,
        "S_ambiguity": 0.0
      },
      "deficit_share": {
        "S_structural": 0.2895289442172306,
        "S_vocab": 0.01588504457183847,
        "S_param": 0.005784794090254358,
        "S_ident": 0.40204318927267785,
        "S_exec_env": 0.28675802784799875,
        "S_ambiguity": 0.0
      }
    },
    "nat_siblings": {
      "n": 182,
      "deficit_sum": {
        "S_structural": 83.0,
        "S_vocab": 1.208,
        "S_param": 0.19999999999999996,
        "S_ident": 143.70800000000003,
        "S_exec_env": 108.0,
        "S_ambiguity": 0.0
      },
      "deficit_share": {
        "S_structural": 0.24693855692677524,
        "S_vocab": 0.0035939973104523433,
        "S_param": 0.0005950326672934342,
        "S_ident": 0.42755477275702436,
        "S_exec_env": 0.32131764033845456,
        "S_ambiguity": 0.0
      }
    }
  },
  "by_group_top_default_issues": {
    "nat_protocols": [
      [
        "SCHEMA_INVALID",
        122
      ],
      [
        "MISSING_REQUIRED_PROGRAM_KEY",
        23
      ],
      [
        "UNKNOWN_ACTION_KIND",
        11
      ],
      [
        "UNIT_PARSE_ERROR",
        2
      ],
      [
        "UNKNOWN_DEVICE_KIND",
        1
      ]
    ],
    "nat_siblings": [
      [
        "SCHEMA_INVALID",
        179
      ],
      [
        "MISSING_REQUIRED_PROGRAM_KEY",
        30
      ],
      [
        "UNIT_PARSE_ERROR",
        17
      ],
      [
        "UNKNOWN_DEVICE_KIND",
        3
      ],
      [
        "UNKNOWN_ACTION_KIND",
        1
      ]
    ]
  },
  "by_group_repro_category_means": {
    "nat_protocols": {
      "container_ident": 0.09475342465753424,
      "device_ident": 0.10273972602739725,
      "flow_integrity": 0.9794520547945206,
      "param_completeness": 0.7551917808219177,
      "qc_completeness": 0.004561643835616439,
      "reagent_ident": 0.1643835616438356,
      "safety_disposal": 0.0,
      "sample_ident": 0.174,
      "traceability": 0.667
    },
    "nat_siblings": {
      "container_ident": 0.034340659340659344,
      "device_ident": 0.07417582417582418,
      "flow_integrity": 0.9950549450549451,
      "param_completeness": 0.37703296703296707,
      "qc_completeness": 0.0018296703296703297,
      "reagent_ident": 0.12231868131868132,
      "safety_disposal": 0.0,
      "sample_ident": 0.12853846153846155,
      "traceability": 0.667
    }
  },
  "by_group_missing_field_prevalence": {
    "nat_protocols": [
      {
        "field": "biosafety_level",
        "count": 73,
        "rate": 1.0
      },
      {
        "field": "contamination_control",
        "count": 73,
        "rate": 1.0
      },
      {
        "field": "protocol_id",
        "count": 73,
        "rate": 1.0
      },
      {
        "field": "sterility_required",
        "count": 73,
        "rate": 1.0
      },
      {
        "field": "sample_id",
        "count": 63,
        "rate": 0.863013698630137
      },
      {
        "field": "vendor",
        "count": 63,
        "rate": 0.863013698630137
      },
      {
        "field": "catalog_number",
        "count": 62,
        "rate": 0.8493150684931506
      },
      {
        "field": "source",
        "count": 62,
        "rate": 0.8493150684931506
      },
      {
        "field": "concentration",
        "count": 60,
        "rate": 0.821917808219178
      },
      {
        "field": "lot_number",
        "count": 60,
        "rate": 0.821917808219178
      },
      {
        "field": "max_volume",
        "count": 52,
        "rate": 0.7123287671232876
      },
      {
        "field": "calibration_date",
        "count": 44,
        "rate": 0.6027397260273972
      },
      {
        "field": "model",
        "count": 44,
        "rate": 0.6027397260273972
      },
      {
        "field": "name",
        "count": 35,
        "rate": 0.4794520547945205
      },
      {
        "field": "run_device.device_ref",
        "count": 34,
        "rate": 0.4657534246575342
      },
      {
        "field": "observe.acceptance_criteria",
        "count": 1,
        "rate": 0.0136986301369863
      },
      {
        "field": "observe.features",
        "count": 1,
        "rate": 0.0136986301369863
      }
    ],
    "nat_siblings": [
      {
        "field": "biosafety_level",
        "count": 182,
        "rate": 1.0
      },
      {
        "field": "contamination_control",
        "count": 182,
        "rate": 1.0
      },
      {
        "field": "protocol_id",
        "count": 182,
        "rate": 1.0
      },
      {
        "field": "sterility_required",
        "count": 182,
        "rate": 1.0
      },
      {
        "field": "sample_id",
        "count": 110,
        "rate": 0.6043956043956044
      },
      {
        "field": "source",
        "count": 107,
        "rate": 0.5879120879120879
      },
      {
        "field": "vendor",
        "count": 92,
        "rate": 0.5054945054945055
      },
      {
        "field": "lot_number",
        "count": 87,
        "rate": 0.47802197802197804
      },
      {
        "field": "catalog_number",
        "count": 86,
        "rate": 0.4725274725274725
      },
      {
        "field": "concentration",
        "count": 86,
        "rate": 0.4725274725274725
      },
      {
        "field": "calibration_date",
        "count": 65,
        "rate": 0.35714285714285715
      },
      {
        "field": "model",
        "count": 65,
        "rate": 0.35714285714285715
      },
      {
        "field": "name",
        "count": 54,
        "rate": 0.2967032967032967
      },
      {
        "field": "run_device.device_ref",
        "count": 47,
        "rate": 0.25824175824175827
      },
      {
        "field": "max_volume",
        "count": 40,
        "rate": 0.21978021978021978
      },
      {
        "field": "observe.acceptance_criteria",
        "count": 1,
        "rate": 0.005494505494505495
      },
      {
        "field": "observe.features",
        "count": 1,
        "rate": 0.005494505494505495
      },
      {
        "field": "run_device.device_kind",
        "count": 1,
        "rate": 0.005494505494505495
      }
    ]
  },
  "by_group_repro_deductions": {
    "nat_protocols": [
      {
        "category": "traceability",
        "events": 73,
        "avg_missing_checks_per_event": 1.0,
        "avg_coverage_per_event": 0.6666666666666667
      },
      {
        "category": "safety_disposal",
        "events": 73,
        "avg_missing_checks_per_event": 3.0,
        "avg_coverage_per_event": 0.0
      },
      {
        "category": "sample_ident",
        "events": 63,
        "avg_missing_checks_per_event": 8.587301587301587,
        "avg_coverage_per_event": 0.2227011494252874
      },
      {
        "category": "reagent_ident",
        "events": 60,
        "avg_missing_checks_per_event": 13.133333333333333,
        "avg_coverage_per_event": 0.1959183673469388
      },
      {
        "category": "container_ident",
        "events": 52,
        "avg_missing_checks_per_event": 6.211538461538462,
        "avg_coverage_per_event": 0.15000000000000002
      },
      {
        "category": "device_ident",
        "events": 44,
        "avg_missing_checks_per_event": 6.590909090909091,
        "avg_coverage_per_event": 0.17613636363636365
      },
      {
        "category": "param_completeness",
        "events": 34,
        "avg_missing_checks_per_event": 1.9705882352941178,
        "avg_coverage_per_event": 0.7873015873015873
      },
      {
        "category": "flow_integrity",
        "events": 19,
        "avg_missing_checks_per_event": 0.0,
        "avg_coverage_per_event": null
      },
      {
        "category": "qc_completeness",
        "events": 1,
        "avg_missing_checks_per_event": 2.0,