group,n,pearson_total,pearson_repro
all,34,0.8105870751225713,0.8280692553457862
nat_protocols,14,0.309108218830615,0.03406847831497345
nat_siblings,20,0.8153728222296205,0.9572829316630177
