{
  "units": 231,
  "by_group_default_deficit": {
    "nat_protocols": {
      "n": 119,
      "deficit_sum": {
        "S_structural": 29.850000000000005,
        "S_vocab": 8.169000000000002,
        "S_param": 9.536000000000001,
        "S_ident": 109.074,
        "S_exec_env": 72.55,
        "S_ambiguity": 0.0,
        "S_procedure": 25.258999999999997,
        "S_specificity": 11.059999999999995,
        "S_coverage": 25.669999999999998
      },
      "deficit_share": {
        "S_structural": 0.10251813386086385,
        "S_vocab": 0.028055967688757014,
        "S_param": 0.032750851741949666,
        "S_ident": 0.3746084734586218,
        "S_exec_env": 0.24916886471040772,
        "S_ambiguity": 0.0,
        "S_procedure": 0.08675060446202879,
        "S_specificity": 0.03798494340037365,
        "S_coverage": 0.08816216067699746
      }
    },
    "nat_siblings": {
      "n": 112,
      "deficit_sum": {
        "S_structural": 20.550000000000004,
        "S_vocab": 8.879,
        "S_param": 11.904,
        "S_ident": 91.90000000000002,
        "S_exec_env": 70.5,
        "S_ambiguity": 0.0,
        "S_procedure": 46.022,
        "S_specificity": 19.948000000000004,
        "S_coverage": 45.99200000000001
      },
      "deficit_share": {
        "S_structural": 0.06509447409683397,
        "S_vocab": 0.028125247469868064,
        "S_param": 0.037707280761494474,
        "S_ident": 0.29110375520676607,
        "S_exec_env": 0.22331680894534278,
        "S_ambiguity": 0.0,
        "S_procedure": 0.14577994583379525,
        "S_specificity": 0.06318757028144253,
        "S_coverage": 0.14568491740445685
      }
    }
  },
  "by_group_top_default_issues": {
    "nat_protocols": [
      [
        "UNIT_PARSE_ERROR",
        137
      ],
      [
        "UNKNOWN_OBSERVATION_FEATURE",
        49
      ],
      [
        "STEP_ID_NOT_FOUND",
        1
      ]
    ],
    "nat_siblings": [
      [
        "UNIT_PARSE_ERROR",
        73
      ],
      [
        "UNKNOWN_OBSERVATION_FEATURE",
        38
      ],
      [
        "SCHEMA_INVALID",
        27
      ],
      [
        "EDGE_INVALID",
        1
      ],
      [
        "START_STEP_NOT_FOUND",
        1
      ]
    ]
  },
  "by_group_repro_category_means": {
    "nat_protocols": {
      "container_ident": 0.003042016806722689,
      "device_ident": 0.0005210084033613445,
      "flow_integrity": 0.9836134453781512,
      "param_completeness": 0.8183529411764706,
      "qc_completeness": 0.1737563025210084,
      "reagent_ident": 0.15936974789915967,
      "safety_disposal": 0.0,
      "sample_ident": 0.21505882352941177,
      "traceability": 0.667
    },
    "nat_siblings": {
      "container_ident": 0.006696428571428571,
      "device_ident": 0.0,
      "flow_integrity": 0.9852678571428571,
      "param_completeness": 0.6109910714285715,
      "qc_completeness": 0.1369732142857143,
      "reagent_ident": 0.13393750000000001,
      "safety_disposal": 0.0,
      "sample_ident": 0.193625,
      "traceability": 0.667
    }
  },
  "by_group_missing_field_prevalence": {
    "nat_protocols": [
      {
        "field": "biosafety_level",
        "count": 119,
        "rate": 1.0
      },
      {
        "field": "contamination_control",
        "count": 119,
        "rate": 1.0
      },
      {
        "field": "protocol_id",
        "count": 119,
        "rate": 1.0
      },
      {
        "field": "sterility_required",
        "count": 119,
        "rate": 1.0
      },
      {
        "field": "vendor",
        "count": 99,
        "rate": 0.8319327731092437
      },
      {
        "field": "catalog_number",
        "count": 97,
        "rate": 0.8151260504201681
      },
      {
        "field": "name",
        "count": 87,
        "rate": 0.7310924369747899
      },
      {
        "field": "max_volume",
        "count": 84,
        "rate": 0.7058823529411765
      },
      {
        "field": "sample_id",
        "count": 84,
        "rate": 0.7058823529411765
      },
      {
        "field": "lot_number",
        "count": 83,
        "rate": 0.6974789915966386
      },
      {
        "field": "source",
        "count": 83,
        "rate": 0.6974789915966386
      },
      {
        "field": "concentration",
        "count": 72,
        "rate": 0.6050420168067226
      },
      {
        "field": "calibration_date",
        "count": 59,
        "rate": 0.4957983193277311
      },
      {
        "field": "model",
        "count": 59,
        "rate": 0.4957983193277311
      },
      {
        "field": "run_device.device_ref",
        "count": 43,
        "rate": 0.36134453781512604
      },
      {
        "field": "observe.acceptance_criteria",
        "count": 31,
        "rate": 0.2605042016806723
      },
      {
        "field": "transfer.amount",
        "count": 1,
        "rate": 0.008403361344537815
      }
    ],
    "nat_siblings": [
      {
        "field": "biosafety_level",
        "count": 112,
        "rate": 1.0
      },
      {
        "field": "contamination_control",
        "count": 112,
        "rate": 1.0
      },
      {
        "field": "protocol_id",
        "count": 112,
        "rate": 1.0
      },
      {
        "field": "sterility_required",
        "count": 112,
        "rate": 1.0
      },
      {
        "field": "sample_id",
        "count": 71,
        "rate": 0.6339285714285714
      },
      {
        "field": "source",
        "count": 71,
        "rate": 0.6339285714285714
      },
      {
        "field": "vendor",
        "count": 59,
        "rate": 0.5267857142857143
      },
      {
        "field": "catalog_number",
        "count": 51,
        "rate": 0.45535714285714285
      },
      {
        "field": "name",
        "count": 49,
        "rate": 0.4375
      },
      {
        "field": "lot_number",
        "count": 48,
        "rate": 0.42857142857142855
      },
      {
        "field": "concentration",
        "count": 40,
        "rate": 0.35714285714285715
      },
      {
        "field": "run_device.device_ref",
        "count": 36,
        "rate": 0.32142857142857145
      },
      {
        "field": "max_volume",
        "count": 35,
        "rate": 0.3125
      },
      {
        "field": "calibration_date",
        "count": 26,
        "rate": 0.23214285714285715
      },
      {
        "field": "model",
        "count": 26,
        "rate": 0.23214285714285715
      },
      {
        "field": "observe.acceptance_criteria",
        "count": 23,
        "rate": 0.20535714285714285
      }
    ]
  },
  "by_group_repro_deductions": {
    "nat_protocols": [
      {
        "category": "traceability",
        "events": 119,
        "avg_missing_checks_per_event": 1.0,
        "avg_coverage_per_event": 0.6666666666666667
      },
      {
        "category": "safety_disposal",
        "events": 119,
        "avg_missing_checks_per_event": 3.0,
        "avg_coverage_per_event": 0.0
      },
      {
        "category": "sample_ident",
        "events": 84,
        "avg_missing_checks_per_event": 7.119047619047619,
        "avg_coverage_per_event": 0.31026528258362174
      },
      {
        "category": "container_ident",
        "events": 84,
        "avg_missing_checks_per_event": 8.44047619047619,
        "avg_coverage_per_event": 0.004213483146067398
      },
      {
        "category": "reagent_ident",
        "events": 83,
        "avg_missing_checks_per_event": 11.734939759036145,
        "avg_coverage_per_event": 0.21767068273092371
      },
      {
        "category": "device_ident",
        "events": 59,
        "avg_missing_checks_per_event": 10.220338983050848,
        "avg_coverage_per_event": 0.0016556291390728006
      },
      {
        "category": "param_completeness",
        "events": 43,
        "avg_missing_checks_per_event": 2.372093023255814,
        "avg_coverage_per_event": 0.8398744113029828
      },
      {
        "category": "qc_completeness",
        "events": 31,