{
  "units": 326,
  "by_group_default_deficit": {
    "nat_protocols": {
      "n": 140,
      "deficit_sum": {
        "S_structural": 114.05,
        "S_vocab": 0.925,
        "S_param": 4.033,
        "S_ident": 136.5,
        "S_exec_env": 72.5,
        "S_ambiguity": 0.0
      },
      "deficit_share": {
        "S_structural": 0.3477049340259994,
        "S_vocab": 0.002820053169434892,
        "S_param": 0.01229543181873613,
        "S_ident": 0.4161483866247165,
        "S_exec_env": 0.22103119436111315,
        "S_ambiguity": 0.0
      }
    },
    "nat_siblings": {
      "n": 186,
      "deficit_sum": {
        "S_structural": 56.199999999999996,
        "S_vocab": 2.083,
        "S_param": 2.583,
        "S_ident": 124.295,
        "S_exec_env": 91.5,
        "S_ambiguity": 0.0
      },
      "deficit_share": {
        "S_structural": 0.2031366907514973,
        "S_vocab": 0.007529069872515462,
        "S_param": 0.009336335804468285,
        "S_ident": 0.44926823802415233,
        "S_exec_env": 0.33072966554736666,
        "S_ambiguity": 0.0
      }
    }
  },
  "by_group_top_default_issues": {
    "nat_protocols": [
      [
        "SCHEMA_INVALID",
        347
      ],
      [
        "MISSING_REQUIRED_PROGRAM_KEY",
        52
      ],
      [
        "UNIT_PARSE_ERROR",
        10
      ],
      [
        "UNKNOWN_OBSERVATION_FEATURE",
        5
      ]
    ],
    "nat_siblings": [
      [
        "SCHEMA_INVALID",
        155
      ],
      [
        "MISSING_REQUIRED_PROGRAM_KEY",
        34
      ],
      [
        "UNKNOWN_OBSERVATION_FEATURE",
        6
      ],
      [
        "UNIT_PARSE_ERROR",
        5
      ]
    ]
  },
  "by_group_repro_category_means": {
    "nat_protocols": {
      "container_ident": 0.16785714285714284,
      "device_ident": 0.14821428571428572,
      "flow_integrity": 0.999642857142857,
      "param_completeness": 0.49787857142857145,
      "qc_completeness": 0.04287857142857143,
      "reagent_ident": 0.17560714285714285,
      "safety_disposal": 0.0,
      "sample_ident": 0.1522357142857143,
      "traceability": 0.667
    },
    "nat_siblings": {
      "container_ident": 0.04838709677419355,
      "device_ident": 0.04099462365591398,
      "flow_integrity": 0.9994623655913979,
      "param_completeness": 0.1966505376344086,
      "qc_completeness": 0.039446236559139786,
      "reagent_ident": 0.08611290322580645,
      "safety_disposal": 0.0,
      "sample_ident": 0.0659516129032258,
      "traceability": 0.667
    }
  },
  "by_group_missing_field_prevalence": {
    "nat_protocols": [
      {
        "field": "biosafety_level",
        "count": 140,
        "rate": 1.0
      },
      {
        "field": "contamination_control",
        "count": 140,
        "rate": 1.0
      },
      {
        "field": "protocol_id",
        "count": 140,
        "rate": 1.0
      },
      {
        "field": "sterility_required",
        "count": 140,
        "rate": 1.0
      },
      {
        "field": "vendor",
        "count": 133,
        "rate": 0.95
      },
      {
        "field": "catalog_number",
        "count": 128,
        "rate": 0.9142857142857143
      },
      {
        "field": "lot_number",
        "count": 120,
        "rate": 0.8571428571428571
      },
      {
        "field": "max_volume",
        "count": 120,
        "rate": 0.8571428571428571
      },
      {
        "field": "concentration",
        "count": 119,
        "rate": 0.85
      },
      {
        "field": "calibration_date",
        "count": 96,
        "rate": 0.6857142857142857
      },
      {
        "field": "model",
        "count": 96,
        "rate": 0.6857142857142857
      },
      {
        "field": "sample_id",
        "count": 80,
        "rate": 0.5714285714285714
      },
      {
        "field": "source",
        "count": 79,
        "rate": 0.5642857142857143
      },
      {
        "field": "name",
        "count": 32,
        "rate": 0.22857142857142856
      },
      {
        "field": "run_device.device_ref",
        "count": 21,
        "rate": 0.15
      },
      {
        "field": "observe.acceptance_criteria",
        "count": 9,
        "rate": 0.06428571428571428
      },
      {
        "field": "transfer.amount",
        "count": 3,
        "rate": 0.02142857142857143
      }
    ],
    "nat_siblings": [
      {
        "field": "biosafety_level",
        "count": 186,
        "rate": 1.0
      },
      {
        "field": "contamination_control",
        "count": 186,
        "rate": 1.0
      },
      {
        "field": "protocol_id",
        "count": 186,
        "rate": 1.0
      },
      {
        "field": "sterility_required",
        "count": 186,
        "rate": 1.0
      },
      {
        "field": "vendor",
        "count": 65,
        "rate": 0.34946236559139787
      },
      {
        "field": "catalog_number",
        "count": 56,
        "rate": 0.3010752688172043
      },
      {
        "field": "lot_number",
        "count": 55,
        "rate": 0.2956989247311828
      },
      {
        "field": "sample_id",
        "count": 52,
        "rate": 0.27956989247311825
      },
      {
        "field": "source",
        "count": 51,
        "rate": 0.27419354838709675
      },
      {
        "field": "concentration",
        "count": 49,
        "rate": 0.26344086021505375
      },
      {
        "field": "max_volume",
        "count": 47,
        "rate": 0.25268817204301075
      },
      {
        "field": "calibration_date",
        "count": 41,
        "rate": 0.22043010752688172
      },
      {
        "field": "model",
        "count": 41,
        "rate": 0.22043010752688172
      },
      {
        "field": "name",
        "count": 24,
        "rate": 0.12903225806451613
      },
      {
        "field": "observe.acceptance_criteria",
        "count": 11,
        "rate": 0.05913978494623656
      },
      {
        "field": "run_device.device_ref",
        "count": 11,
        "rate": 0.05913978494623656
      },
      {
        "field": "transfer.amount",
        "count": 2,
        "rate": 0.010752688172043012
      }
    ]
  },
  "by_group_repro_deductions": {
    "nat_protocols": [
      {
        "category": "traceability",
        "events": 140,
        "avg_missing_checks_per_event": 1.0,
        "avg_coverage_per_event": 0.6666666666666667
      },
      {
        "category": "safety_disposal",
        "events": 140,
        "avg_missing_checks_per_event": 3.0,
        "avg_coverage_per_event": 0.0
      },
      {
        "category": "reagent_ident",
        "events": 120,
        "avg_missing_checks_per_event": 10.016666666666667,
        "avg_coverage_per_event": 0.20132890365448508
      },
      {
        "category": "container_ident",
        "events": 120,
        "avg_missing_checks_per_event": 5.658333333333333,
        "avg_coverage_per_event": 0.19166666666666665
      },
      {
        "category": "device_ident",
        "events": 96,
        "avg_missing_checks_per_event": 5.15625,
        "avg_coverage_per_event": 0.21178343949044587
      },
      {
        "category": "sample_ident",
        "events": 80,
        "avg_missing_checks_per_event": 2.775,
        "avg_coverage_per_event": 0.2815533980582524
      },
      {
        "category": "param_completeness",
        "events": 23,
        "avg_missing_checks_per_event": 1.5217391304347827,
        "avg_coverage_per_event": 0.8022598870056497
      },
      {
        "category": "qc_completeness",
        "events": 9,
        "avg_missing_checks_per_event": 1.0,
        "avg_coverage_per_event": 0.6666666666666667
      },
      {
        "category": "flow_integrity",
        "events": 1,
        "avg_missing_checks_per_event": 0.0,
        "avg_coverage_per_event": null
      }
    ],
    "nat_siblings": [
      {
        "category": "traceability",
        "events": 186,
        "avg_missing_checks_per_event": 1.0,