{
  "units": 288,
  "by_group_default_deficit": {
    "nat_protocols": {
      "n": 133,
      "deficit_sum": {
        "S_structural": 85.64999999999999,
        "S_vocab": 9.603,
        "S_param": 3.178,
        "S_ident": 124.66,
        "S_exec_env": 98.5,
        "S_ambiguity": 0.0
      },
      "deficit_share": {
        "S_structural": 0.2663320801888112,
        "S_vocab": 0.029860910286668468,
        "S_param": 0.00988211734781135,
        "S_ident": 0.3876352261101834,
        "S_exec_env": 0.30628966606652547,
        "S_ambiguity": 0.0
      }
    },
    "nat_siblings": {
      "n": 155,
      "deficit_sum": {
        "S_structural": 33.0,
        "S_vocab": 0.33299999999999996,
        "S_param": 1.25,
        "S_ident": 95.81599999999999,
        "S_exec_env": 86.0,
        "S_ambiguity": 0.0
      },
      "deficit_share": {
        "S_structural": 0.15249608362330694,
        "S_vocab": 0.001538824116562461,
        "S_param": 0.005776366803913142,
        "S_ident": 0.4427746893469932,
        "S_exec_env": 0.39741403610922416,
        "S_ambiguity": 0.0
      }
    }
  },
  "by_group_top_default_issues": {
    "nat_protocols": [
      [
        "MISSING_REQUIRED_PROGRAM_KEY",
        166
      ],
      [
        "UNIT_PARSE_ERROR",
        68
      ],
      [
        "UNKNOWN_OBSERVATION_FEATURE",
        57
      ],
      [
        "SCHEMA_INVALID",
        33
      ],
      [
        "STEP_ID_NOT_FOUND",
        2
      ],
      [
        "UNKNOWN_CORE_OP",
        1
      ]
    ],
    "nat_siblings": [
      [
        "MISSING_REQUIRED_PROGRAM_KEY",
        39
      ],
      [
        "UNIT_PARSE_ERROR",
        23
      ],
      [
        "SCHEMA_INVALID",
        9
      ],
      [
        "STEP_ID_NOT_FOUND",
        4
      ],
      [
        "UNKNOWN_CORE_OP",
        1
      ],
      [
        "UNKNOWN_OBSERVATION_FEATURE",
        1
      ]
    ]
  },
  "by_group_repro_category_means": {
    "nat_protocols": {
      "container_ident": 0.02630827067669173,
      "device_ident": 0.025233082706766916,
      "flow_integrity": 0.9879699248120302,
      "param_completeness": 0.7296090225563909,
      "qc_completeness": 0.13540601503759397,
      "reagent_ident": 0.08451127819548872,
      "safety_disposal": 0.0,
      "sample_ident": 0.2403684210526316,
      "traceability": 0.667
    },
    "nat_siblings": {
      "container_ident": 0.00967741935483871,
      "device_ident": 0.003761290322580645,
      "flow_integrity": 0.9941935483870967,
      "param_completeness": 0.1752258064516129,
      "qc_completeness": 0.004303225806451613,
      "reagent_ident": 0.07890322580645162,
      "safety_disposal": 0.0,
      "sample_ident": 0.07305806451612903,
      "traceability": 0.667
    }
  },
  "by_group_missing_field_prevalence": {
    "nat_protocols": [
      {
        "field": "biosafety_level",
        "count": 133,
        "rate": 1.0
      },
      {
        "field": "contamination_control",
        "count": 133,
        "rate": 1.0
      },
      {
        "field": "protocol_id",
        "count": 133,
        "rate": 1.0
      },
      {
        "field": "sterility_required",
        "count": 133,
        "rate": 1.0
      },
      {
        "field": "sample_id",
        "count": 97,
        "rate": 0.7293233082706767
      },
      {
        "field": "source",
        "count": 95,
        "rate": 0.7142857142857143
      },
      {
        "field": "run_device.device_ref",
        "count": 67,
        "rate": 0.5037593984962406
      },
      {
        "field": "catalog_number",
        "count": 66,
        "rate": 0.49624060150375937
      },
      {
        "field": "vendor",
        "count": 66,
        "rate": 0.49624060150375937
      },
      {
        "field": "max_volume",
        "count": 56,
        "rate": 0.42105263157894735
      },
      {
        "field": "lot_number",
        "count": 51,
        "rate": 0.38345864661654133
      },
      {
        "field": "concentration",
        "count": 50,
        "rate": 0.37593984962406013
      },
      {
        "field": "name",
        "count": 46,
        "rate": 0.3458646616541353
      },
      {
        "field": "calibration_date",
        "count": 41,
        "rate": 0.3082706766917293
      },
      {
        "field": "model",
        "count": 40,
        "rate": 0.3007518796992481
      },
      {
        "field": "observe.acceptance_criteria",
        "count": 27,
        "rate": 0.20300751879699247
      },
      {
        "field": "run_device.program",
        "count": 3,
        "rate": 0.022556390977443608
      },
      {
        "field": "transfer.amount",
        "count": 2,
        "rate": 0.015037593984962405
      }
    ],
    "nat_siblings": [
      {
        "field": "biosafety_level",
        "count": 155,
        "rate": 1.0
      },
      {
        "field": "contamination_control",
        "count": 155,
        "rate": 1.0
      },
      {
        "field": "protocol_id",
        "count": 155,
        "rate": 1.0
      },
      {
        "field": "sterility_required",
        "count": 155,
        "rate": 1.0
      },
      {
        "field": "sample_id",
        "count": 33,
        "rate": 0.2129032258064516
      },
      {
        "field": "lot_number",
        "count": 32,
        "rate": 0.2064516129032258
      },
      {
        "field": "source",
        "count": 32,
        "rate": 0.2064516129032258
      },
      {
        "field": "vendor",
        "count": 30,
        "rate": 0.1935483870967742
      },
      {
        "field": "catalog_number",
        "count": 29,
        "rate": 0.1870967741935484
      },
      {
        "field": "concentration",
        "count": 25,
        "rate": 0.16129032258064516
      },
      {
        "field": "run_device.device_ref",
        "count": 20,
        "rate": 0.12903225806451613
      },
      {
        "field": "name",
        "count": 13,
        "rate": 0.08387096774193549
      },
      {
        "field": "max_volume",
        "count": 13,
        "rate": 0.08387096774193549
      },
      {
        "field": "calibration_date",
        "count": 7,
        "rate": 0.04516129032258064
      },
      {
        "field": "model",
        "count": 7,
        "rate": 0.04516129032258064
      },
      {
        "field": "observe.acceptance_criteria",
        "count": 1,
        "rate": 0.0064516129032258064
      }
    ]
  },
  "by_group_repro_deductions": {
    "nat_protocols": [
      {
        "category": "traceability",
        "events": 133,
        "avg_missing_checks_per_event": 1.0,
        "avg_coverage_per_event": 0.6666666666666667
      },
      {
        "category": "safety_disposal",
        "events": 133,
        "avg_missing_checks_per_event": 3.0,
        "avg_coverage_per_event": 0.0
      },
      {
        "category": "sample_ident",
        "events": 97,
        "avg_missing_checks_per_event": 6.329896907216495,
        "avg_coverage_per_event": 0.3311546840958606
      },
      {
        "category": "param_completeness",
        "events": 67,
        "avg_missing_checks_per_event": 2.462686567164179,
        "avg_coverage_per_event": 0.8184818481848185
      },
      {
        "category": "container_ident",
        "events": 56,
        "avg_missing_checks_per_event": 7.928571428571429,
        "avg_coverage_per_event": 0.0431034482758621
      },
      {
        "category": "reagent_ident",
        "events": 51,
        "avg_missing_checks_per_event": 15.392156862745098,
        "avg_coverage_per_event": 0.21890547263681592
      },
      {
        "category": "device_ident",
        "events": 41,
        "avg_missing_checks_per_event": 9.926829268292684,
        "avg_coverage_per_event": 0.07499999999999996
      },
      {
        "category": "qc_completeness",
        "events": 27,
        "avg_missing_checks_per_event": 1.3703703703703705,
        "avg_coverage_per_event": 0.6666666666666667
      },
      {
        "category": "flow_integrity",