{
  "units": 315,
  "by_group_default_deficit": {
    "nat_protocols": {
      "n": 140,
      "deficit_sum": {
        "S_structural": 116.05,
        "S_vocab": 4.346,
        "S_param": 1.471,
        "S_ident": 138.0,
        "S_exec_env": 92.0,
        "S_ambiguity": 0.0
      },
      "deficit_share": {
        "S_structural": 0.3298121165099313,
        "S_vocab": 0.012351257719536074,
        "S_param": 0.004180556858131055,
        "S_ident": 0.3921936413474409,
        "S_exec_env": 0.26146242756496063,
        "S_ambiguity": 0.0
      }
    },
    "nat_siblings": {
      "n": 175,
      "deficit_sum": {
        "S_structural": 72.19999999999999,
        "S_vocab": 8.684,
        "S_param": 5.167,
        "S_ident": 129.855,
        "S_exec_env": 101.0,
        "S_ambiguity": 0.0
      },
      "deficit_share": {
        "S_structural": 0.22782781013928421,
        "S_vocab": 0.02740244741342859,
        "S_param": 0.016304519321186726,
        "S_ident": 0.40975872971796057,
        "S_exec_env": 0.31870649340814,
        "S_ambiguity": 0.0
      }
    }
  },
  "by_group_top_default_issues": {
    "nat_protocols": [
      [
        "SCHEMA_INVALID",
        269
      ],
      [
        "MISSING_REQUIRED_PROGRAM_KEY",
        81
      ],
      [
        "UNKNOWN_OBSERVATION_FEATURE",
        17
      ],
      [
        "UNIT_PARSE_ERROR",
        14
      ]
    ],
    "nat_siblings": [
      [
        "SCHEMA_INVALID",
        147
      ],
      [
        "MISSING_REQUIRED_PROGRAM_KEY",
        42
      ],
      [
        "UNKNOWN_OBSERVATION_FEATURE",
        30
      ],
      [
        "UNIT_PARSE_ERROR",
        11
      ]
    ]
  },
  "by_group_repro_category_means": {
    "nat_protocols": {
      "container_ident": 0.15,
      "device_ident": 0.12678571428571428,
      "flow_integrity": 0.9828571428571428,
      "param_completeness": 0.7650785714285715,
      "qc_completeness": 0.05240714285714286,
      "reagent_ident": 0.17589285714285716,
      "safety_disposal": 0.0,
      "sample_ident": 0.20950000000000002,
      "traceability": 0.667
    },
    "nat_siblings": {
      "container_ident": 0.04428571428571428,
      "device_ident": 0.06285714285714286,
      "flow_integrity": 0.9951428571428572,
      "param_completeness": 0.3194857142857143,
      "qc_completeness": 0.07241714285714286,
      "reagent_ident": 0.09247428571428572,
      "safety_disposal": 0.0,
      "sample_ident": 0.09643428571428572,
      "traceability": 0.667
    }
  },
  "by_group_missing_field_prevalence": {
    "nat_protocols": [
      {
        "field": "biosafety_level",
        "count": 140,
        "rate": 1.0
      },
      {
        "field": "contamination_control",
        "count": 140,
        "rate": 1.0
      },
      {
        "field": "protocol_id",
        "count": 140,
        "rate": 1.0
      },
      {
        "field": "sterility_required",
        "count": 140,
        "rate": 1.0
      },
      {
        "field": "vendor",
        "count": 135,
        "rate": 0.9642857142857143
      },
      {
        "field": "sample_id",
        "count": 129,
        "rate": 0.9214285714285714
      },
      {
        "field": "source",
        "count": 129,
        "rate": 0.9214285714285714
      },
      {
        "field": "catalog_number",
        "count": 128,
        "rate": 0.9142857142857143
      },
      {
        "field": "concentration",
        "count": 123,
        "rate": 0.8785714285714286
      },
      {
        "field": "lot_number",
        "count": 123,
        "rate": 0.8785714285714286
      },
      {
        "field": "max_volume",
        "count": 103,
        "rate": 0.7357142857142858
      },
      {
        "field": "calibration_date",
        "count": 80,
        "rate": 0.5714285714285714
      },
      {
        "field": "model",
        "count": 80,
        "rate": 0.5714285714285714
      },
      {
        "field": "run_device.device_ref",
        "count": 50,
        "rate": 0.35714285714285715
      },
      {
        "field": "name",
        "count": 45,
        "rate": 0.32142857142857145
      },
      {
        "field": "observe.acceptance_criteria",
        "count": 11,
        "rate": 0.07857142857142857
      },
      {
        "field": "run_device.program",
        "count": 3,
        "rate": 0.02142857142857143
      }
    ],
    "nat_siblings": [
      {
        "field": "biosafety_level",
        "count": 175,
        "rate": 1.0
      },
      {
        "field": "contamination_control",
        "count": 175,
        "rate": 1.0
      },
      {
        "field": "protocol_id",
        "count": 175,
        "rate": 1.0
      },
      {
        "field": "sterility_required",
        "count": 175,
        "rate": 1.0
      },
      {
        "field": "sample_id",
        "count": 85,
        "rate": 0.4857142857142857
      },
      {
        "field": "source",
        "count": 85,
        "rate": 0.4857142857142857
      },
      {
        "field": "vendor",
        "count": 69,
        "rate": 0.3942857142857143
      },
      {
        "field": "lot_number",
        "count": 61,
        "rate": 0.3485714285714286
      },
      {
        "field": "concentration",
        "count": 59,
        "rate": 0.33714285714285713
      },
      {
        "field": "catalog_number",
        "count": 58,
        "rate": 0.3314285714285714
      },
      {
        "field": "calibration_date",
        "count": 51,
        "rate": 0.2914285714285714
      },
      {
        "field": "model",
        "count": 51,
        "rate": 0.2914285714285714
      },
      {
        "field": "name",
        "count": 39,
        "rate": 0.22285714285714286
      },
      {
        "field": "max_volume",
        "count": 34,
        "rate": 0.19428571428571428
      },
      {
        "field": "run_device.device_ref",
        "count": 32,
        "rate": 0.18285714285714286
      },
      {
        "field": "observe.acceptance_criteria",
        "count": 19,
        "rate": 0.10857142857142857
      },
      {
        "field": "run_device.program",
        "count": 5,
        "rate": 0.02857142857142857
      },
      {
        "field": "transfer.amount",
        "count": 1,
        "rate": 0.005714285714285714
      }
    ]
  },
  "by_group_repro_deductions": {
    "nat_protocols": [
      {
        "category": "traceability",
        "events": 140,
        "avg_missing_checks_per_event": 1.0,
        "avg_coverage_per_event": 0.6666666666666667
      },
      {
        "category": "safety_disposal",
        "events": 140,
        "avg_missing_checks_per_event": 3.0,
        "avg_coverage_per_event": 0.0
      },
      {
        "category": "sample_ident",
        "events": 129,
        "avg_missing_checks_per_event": 5.0,
        "avg_coverage_per_event": 0.21532846715328469
      },
      {
        "category": "reagent_ident",
        "events": 123,
        "avg_missing_checks_per_event": 10.463414634146341,
        "avg_coverage_per_event": 0.20062111801242233
      },
      {
        "category": "container_ident",
        "events": 103,
        "avg_missing_checks_per_event": 5.757281553398058,
        "avg_coverage_per_event": 0.1942934782608695
      },
      {
        "category": "device_ident",
        "events": 80,
        "avg_missing_checks_per_event": 4.675,
        "avg_coverage_per_event": 0.2272727272727273
      },
      {
        "category": "param_completeness",
        "events": 50,
        "avg_missing_checks_per_event": 1.56,
        "avg_coverage_per_event": 0.7845303867403315
      },
      {
        "category": "flow_integrity",
        "events": 22,
        "avg_missing_checks_per_event": 0.0,
        "avg_coverage_per_event": null
      },
      {
        "category": "qc_completeness",
        "events": 11,
        "avg_missing_checks_per_event": 1.0909090909090908,
        "avg_coverage_per_event": 0.6666666666666667
      }
    ],
    "nat_siblings": [
      {
        "category": "traceability",