{
  "units": 244,
  "by_group_default_deficit": {
    "nat_protocols": {
      "n": 90,
      "deficit_sum": {
        "S_structural": 57.3,
        "S_vocab": 3.5050000000000003,
        "S_param": 2.5540000000000003,
        "S_ident": 85.018,
        "S_exec_env": 67.0,
        "S_ambiguity": 0.0
      },
      "deficit_share": {
        "S_structural": 0.2660451208810597,
        "S_vocab": 0.016273789680420845,
        "S_param": 0.011858276417630481,
        "S_ident": 0.3947403854636289,
        "S_exec_env": 0.31108242755726007,
        "S_ambiguity": 0.0
      }
    },
    "nat_siblings": {
      "n": 154,
      "deficit_sum": {
        "S_structural": 30.25,
        "S_vocab": 2.083,
        "S_param": 3.0,
        "S_ident": 95.59200000000001,
        "S_exec_env": 86.0,
        "S_ambiguity": 0.0
      },
      "deficit_share": {
        "S_structural": 0.1394491183588798,
        "S_vocab": 0.00960239714186931,
        "S_param": 0.013829664630632706,
        "S_ident": 0.4406684337904806,
        "S_exec_env": 0.3964503860781376,
        "S_ambiguity": 0.0
      }
    }
  },
  "by_group_top_default_issues": {
    "nat_protocols": [
      [
        "MISSING_REQUIRED_PROGRAM_KEY",
        95
      ],
      [
        "UNIT_PARSE_ERROR",
        56
      ],
      [
        "UNKNOWN_OBSERVATION_FEATURE",
        23
      ],
      [
        "SCHEMA_INVALID",
        13
      ],
      [
        "STEP_ID_NOT_FOUND",
        1
      ],
      [
        "UNKNOWN_CORE_OP",
        1
      ]
    ],
    "nat_siblings": [
      [
        "MISSING_REQUIRED_PROGRAM_KEY",
        28
      ],
      [
        "UNIT_PARSE_ERROR",
        25
      ],
      [
        "SCHEMA_INVALID",
        9
      ],
      [
        "UNKNOWN_OBSERVATION_FEATURE",
        6
      ],
      [
        "STEP_ID_NOT_FOUND",
        5
      ],
      [
        "UNKNOWN_CORE_OP",
        1
      ]
    ]
  },
  "by_group_repro_category_means": {
    "nat_protocols": {
      "container_ident": 0.02207777777777778,
      "device_ident": 0.018977777777777777,
      "flow_integrity": 0.975,
      "param_completeness": 0.7070000000000001,
      "qc_completeness": 0.11116666666666668,
      "reagent_ident": 0.0725888888888889,
      "safety_disposal": 0.0,
      "sample_ident": 0.25901111111111114,
      "traceability": 0.667
    },
    "nat_siblings": {
      "container_ident": 0.00974025974025974,
      "device_ident": 0.0054090909090909085,
      "flow_integrity": 0.9951298701298701,
      "param_completeness": 0.19133116883116882,
      "qc_completeness": 0.017324675324675326,
      "reagent_ident": 0.07354545454545455,
      "safety_disposal": 0.0,
      "sample_ident": 0.08325974025974027,
      "traceability": 0.667
    }
  },
  "by_group_missing_field_prevalence": {
    "nat_protocols": [
      {
        "field": "biosafety_level",
        "count": 90,
        "rate": 1.0
      },
      {
        "field": "contamination_control",
        "count": 90,
        "rate": 1.0
      },
      {
        "field": "protocol_id",
        "count": 90,
        "rate": 1.0
      },
      {
        "field": "sterility_required",
        "count": 90,
        "rate": 1.0
      },
      {
        "field": "sample_id",
        "count": 72,
        "rate": 0.8
      },
      {
        "field": "source",
        "count": 72,
        "rate": 0.8
      },
      {
        "field": "run_device.device_ref",
        "count": 45,
        "rate": 0.5
      },
      {
        "field": "catalog_number",
        "count": 42,
        "rate": 0.4666666666666667
      },
      {
        "field": "vendor",
        "count": 42,
        "rate": 0.4666666666666667
      },
      {
        "field": "max_volume",
        "count": 35,
        "rate": 0.3888888888888889
      },
      {
        "field": "lot_number",
        "count": 29,
        "rate": 0.32222222222222224
      },
      {
        "field": "name",
        "count": 28,
        "rate": 0.3111111111111111
      },
      {
        "field": "concentration",
        "count": 28,
        "rate": 0.3111111111111111
      },
      {
        "field": "calibration_date",
        "count": 22,
        "rate": 0.24444444444444444
      },
      {
        "field": "model",
        "count": 20,
        "rate": 0.2222222222222222
      },
      {
        "field": "observe.acceptance_criteria",
        "count": 15,
        "rate": 0.16666666666666666
      },
      {
        "field": "run_device.program",
        "count": 3,
        "rate": 0.03333333333333333
      }
    ],
    "nat_siblings": [
      {
        "field": "biosafety_level",
        "count": 154,
        "rate": 1.0
      },
      {
        "field": "contamination_control",
        "count": 154,
        "rate": 1.0
      },
      {
        "field": "protocol_id",
        "count": 154,
        "rate": 1.0
      },
      {
        "field": "sterility_required",
        "count": 154,
        "rate": 1.0
      },
      {
        "field": "sample_id",
        "count": 37,
        "rate": 0.24025974025974026
      },
      {
        "field": "source",
        "count": 36,
        "rate": 0.23376623376623376
      },
      {
        "field": "lot_number",
        "count": 33,
        "rate": 0.21428571428571427
      },
      {
        "field": "catalog_number",
        "count": 30,
        "rate": 0.19480519480519481
      },
      {
        "field": "vendor",
        "count": 30,
        "rate": 0.19480519480519481
      },
      {
        "field": "concentration",
        "count": 26,
        "rate": 0.16883116883116883
      },
      {
        "field": "run_device.device_ref",
        "count": 19,
        "rate": 0.12337662337662338
      },
      {
        "field": "name",
        "count": 12,
        "rate": 0.07792207792207792
      },
      {
        "field": "max_volume",
        "count": 12,
        "rate": 0.07792207792207792
      },
      {
        "field": "calibration_date",
        "count": 6,
        "rate": 0.03896103896103896
      },
      {
        "field": "model",
        "count": 6,
        "rate": 0.03896103896103896
      },
      {
        "field": "observe.acceptance_criteria",
        "count": 4,
        "rate": 0.025974025974025976
      }
    ]
  },
  "by_group_repro_deductions": {
    "nat_protocols": [
      {
        "category": "traceability",
        "events": 90,
        "avg_missing_checks_per_event": 1.0,
        "avg_coverage_per_event": 0.6666666666666667
      },
      {
        "category": "safety_disposal",
        "events": 90,
        "avg_missing_checks_per_event": 3.0,
        "avg_coverage_per_event": 0.0
      },
      {
        "category": "sample_ident",
        "events": 72,
        "avg_missing_checks_per_event": 6.458333333333333,
        "avg_coverage_per_event": 0.32608695652173914
      },
      {
        "category": "param_completeness",
        "events": 45,
        "avg_missing_checks_per_event": 2.2,
        "avg_coverage_per_event": 0.8228980322003578
      },
      {
        "category": "container_ident",
        "events": 35,
        "avg_missing_checks_per_event": 7.914285714285715,
        "avg_coverage_per_event": 0.03819444444444442
      },
      {
        "category": "reagent_ident",
        "events": 29,
        "avg_missing_checks_per_event": 14.96551724137931,
        "avg_coverage_per_event": 0.22499999999999998
      },
      {
        "category": "flow_integrity",
        "events": 23,
        "avg_missing_checks_per_event": 0.0,
        "avg_coverage_per_event": null
      },
      {
        "category": "device_ident",
        "events": 22,
        "avg_missing_checks_per_event": 11.409090909090908,
        "avg_coverage_per_event": 0.06343283582089554
      },
      {
        "category": "qc_completeness",
        "events": 15,
        "avg_missing_checks_per_event": 1.4,
        "avg_coverage_per_event": 0.6666666666666667
      }
    ],
    "nat_siblings": [
      {
        "category": "traceability",
        "events": 154,