group,n,pearson_total,pearson_repro
all,34,0.8223797972423453,0.8148968719232096
nat_protocols,14,0.08950960088109357,0.29013640854543205
nat_siblings,20,0.9359709366850991,0.8908741890059612
