{
  "units": 228,
  "by_group_default_deficit": {
    "nat_protocols": {
      "n": 128,
      "deficit_sum": {
        "S_structural": 23.8,
        "S_vocab": 7.7010000000000005,
        "S_param": 3.21,
        "S_ident": 125.333,
        "S_exec_env": 38.0,
        "S_ambiguity": 0.0,
        "S_procedure": 33.674000000000014,
        "S_specificity": 3.9409999999999994,
        "S_coverage": 49.423
      },
      "deficit_share": {
        "S_structural": 0.08348475175563523,
        "S_vocab": 0.02701328038950197,
        "S_param": 0.01125991819897433,
        "S_ident": 0.43963841982306845,
        "S_exec_env": 0.1332949817947117,
        "S_ambiguity": 0.0,
        "S_procedure": 0.11812040044618746,
        "S_specificity": 0.013824092717183125,
        "S_coverage": 0.1733641548747378
      }
    },
    "nat_siblings": {
      "n": 100,
      "deficit_sum": {
        "S_structural": 14.350000000000007,
        "S_vocab": 7.446000000000001,
        "S_param": 0.0,
        "S_ident": 87.961,
        "S_exec_env": 35.0,
        "S_ambiguity": 0.0,
        "S_procedure": 37.671000000000014,
        "S_specificity": 9.469,
        "S_coverage": 57.403
      },
      "deficit_share": {
        "S_structural": 0.05756117127958286,
        "S_vocab": 0.0298676293622142,
        "S_param": 0.0,
        "S_ident": 0.3528319294023265,
        "S_exec_env": 0.14039310068190933,
        "S_ambiguity": 0.0,
        "S_procedure": 0.15110709987966311,
        "S_specificity": 0.037982350581628556,
        "S_coverage": 0.23025671881267548
      }
    }
  },
  "by_group_top_default_issues": {
    "nat_protocols": [
      [
        "UNIT_PARSE_ERROR",
        64
      ],
      [
        "UNKNOWN_OBSERVATION_FEATURE",
        49
      ]
    ],
    "nat_siblings": [
      [
        "UNIT_PARSE_ERROR",
        32
      ],
      [
        "UNKNOWN_OBSERVATION_FEATURE",
        28
      ]
    ]
  },
  "by_group_repro_category_means": {
    "nat_protocols": {
      "container_ident": 0.068359375,
      "device_ident": 0.0553359375,
      "flow_integrity": 0.88203125,
      "param_completeness": 0.891703125,
      "qc_completeness": 0.16675,
      "reagent_ident": 0.1553671875,
      "safety_disposal": 0.0,
      "sample_ident": 0.1588125,
      "traceability": 0.667
    },
    "nat_siblings": {
      "container_ident": 0.03375,
      "device_ident": 0.04375,
      "flow_integrity": 0.924,
      "param_completeness": 0.64485,
      "qc_completeness": 0.15341000000000002,
      "reagent_ident": 0.11837,
      "safety_disposal": 0.0,
      "sample_ident": 0.1302,
      "traceability": 0.667
    }
  },
  "by_group_missing_field_prevalence": {
    "nat_protocols": [
      {
        "field": "biosafety_level",
        "count": 128,
        "rate": 1.0
      },
      {
        "field": "contamination_control",
        "count": 128,
        "rate": 1.0
      },
      {
        "field": "protocol_id",
        "count": 128,
        "rate": 1.0
      },
      {
        "field": "sterility_required",
        "count": 128,
        "rate": 1.0
      },
      {
        "field": "catalog_number",
        "count": 122,
        "rate": 0.953125
      },
      {
        "field": "vendor",
        "count": 122,
        "rate": 0.953125
      },
      {
        "field": "lot_number",
        "count": 119,
        "rate": 0.9296875
      },
      {
        "field": "concentration",
        "count": 118,
        "rate": 0.921875
      },
      {
        "field": "max_volume",
        "count": 118,
        "rate": 0.921875
      },
      {
        "field": "sample_id",
        "count": 110,
        "rate": 0.859375
      },
      {
        "field": "source",
        "count": 109,
        "rate": 0.8515625
      },
      {
        "field": "calibration_date",
        "count": 104,
        "rate": 0.8125
      },
      {
        "field": "model",
        "count": 103,
        "rate": 0.8046875
      },
      {
        "field": "name",
        "count": 93,
        "rate": 0.7265625
      },
      {
        "field": "observe.acceptance_criteria",
        "count": 32,
        "rate": 0.25
      },
      {
        "field": "run_device.device_ref",
        "count": 11,
        "rate": 0.0859375
      },
      {
        "field": "transfer.amount",
        "count": 1,
        "rate": 0.0078125
      }
    ],
    "nat_siblings": [
      {
        "field": "biosafety_level",
        "count": 100,
        "rate": 1.0
      },
      {
        "field": "contamination_control",
        "count": 100,
        "rate": 1.0
      },
      {
        "field": "protocol_id",
        "count": 100,
        "rate": 1.0
      },
      {
        "field": "sterility_required",
        "count": 100,
        "rate": 1.0
      },
      {
        "field": "sample_id",
        "count": 73,
        "rate": 0.73
      },
      {
        "field": "source",
        "count": 73,
        "rate": 0.73
      },
      {
        "field": "vendor",
        "count": 69,
        "rate": 0.69
      },
      {
        "field": "catalog_number",
        "count": 63,
        "rate": 0.63
      },
      {
        "field": "lot_number",
        "count": 59,
        "rate": 0.59
      },
      {
        "field": "concentration",
        "count": 58,
        "rate": 0.58
      },
      {
        "field": "name",
        "count": 53,
        "rate": 0.53
      },
      {
        "field": "calibration_date",
        "count": 49,
        "rate": 0.49
      },
      {
        "field": "model",
        "count": 49,
        "rate": 0.49
      },
      {
        "field": "max_volume",
        "count": 48,
        "rate": 0.48
      },
      {
        "field": "observe.acceptance_criteria",
        "count": 23,
        "rate": 0.23
      },
      {
        "field": "run_device.device_ref",
        "count": 2,
        "rate": 0.02
      }
    ]
  },
  "by_group_repro_deductions": {
    "nat_protocols": [
      {
        "category": "traceability",
        "events": 128,
        "avg_missing_checks_per_event": 1.0,
        "avg_coverage_per_event": 0.6666666666666667
      },
      {
        "category": "safety_disposal",
        "events": 128,
        "avg_missing_checks_per_event": 3.0,
        "avg_coverage_per_event": 0.0
      },
      {
        "category": "reagent_ident",
        "events": 119,
        "avg_missing_checks_per_event": 16.873949579831933,
        "avg_coverage_per_event": 0.16507276507276503
      },
      {
        "category": "container_ident",
        "events": 118,
        "avg_missing_checks_per_event": 9.38135593220339,
        "avg_coverage_per_event": 0.061864406779660985
      },
      {
        "category": "sample_ident",
        "events": 110,
        "avg_missing_checks_per_event": 9.218181818181819,
        "avg_coverage_per_event": 0.22298850574712648
      },
      {
        "category": "device_ident",
        "events": 104,
        "avg_missing_checks_per_event": 7.153846153846154,
        "avg_coverage_per_event": 0.0653266331658291
      },
      {
        "category": "flow_integrity",
        "events": 66,
        "avg_missing_checks_per_event": 0.0,
        "avg_coverage_per_event": null
      },
      {
        "category": "qc_completeness",
        "events": 32,
        "avg_missing_checks_per_event": 1.59375,
        "avg_coverage_per_event": 0.6666666666666667
      },
      {
        "category": "param_completeness",
        "events": 12,
        "avg_missing_checks_per_event": 3.9166666666666665,
        "avg_coverage_per_event": 0.7761904761904762
      }
    ],
    "nat_siblings": [
      {
        "category": "traceability",
        "events": 100,
        "avg_missing_checks_per_event": 1.0,
        "avg_coverage_per_event": 0.6666666666666667
      },
      {
        "category": "safety_disposal",
        "events": 100,
        "avg_missing_checks_per_event": 3.0,
        "avg_coverage_per_event": 0.0
      },
      {
        "category": "sample_ident",
        "events": 73,